{"cameraMode":{"drawMode":0,"name":"Shaded","section":"Shading Mode"},"sceneLighting":false,"audioPlay":false,"sceneViewState":{"showFog":false,"showMaterialUpdate":false,"showSkybox":false,"showFlares":false,"showImageEffects":false,"showParticleSystems":true},"in2DMode":false,"pivot":{"x":-69.60160827636719,"y":48.25335693359375,"z":-2.895528793334961},"rotation":{"x":-0.19679905474185944,"y":-0.6678364872932434,"z":0.18974588811397553,"w":-0.6922867894172669},"size":339.12176513671877,"orthographic":false}