{"cameraMode":{"drawMode":0,"name":"Shaded","section":"Shading Mode"},"sceneLighting":false,"audioPlay":false,"sceneViewState":{"showFog":false,"showMaterialUpdate":false,"showSkybox":false,"showFlares":false,"showImageEffects":false,"showParticleSystems":true},"in2DMode":false,"pivot":{"x":41.426841735839847,"y":33.308753967285159,"z":73.5},"rotation":{"x":-0.08510933816432953,"y":-0.8761195540428162,"z":0.1679321676492691,"w":-0.44381269812583926},"size":40.939186096191409,"orthographic":false}