{"cameraMode":{"drawMode":0,"name":"Shaded","section":"Shading Mode"},"sceneLighting":false,"audioPlay":false,"sceneViewState":{"showFog":false,"showMaterialUpdate":false,"showSkybox":false,"showFlares":false,"showImageEffects":false,"showParticleSystems":true},"in2DMode":false,"pivot":{"x":-2.3979263305664064,"y":15.980401992797852,"z":6.1423516273498539},"rotation":{"x":-0.1072896346449852,"y":-0.8606736660003662,"z":0.20324525237083436,"w":-0.4543358087539673},"size":77.05211639404297,"orthographic":false}