{"cameraMode":{"drawMode":0,"name":"Shaded","section":"Shading Mode"},"sceneLighting":true,"audioPlay":false,"sceneViewState":{"showFog":false,"showMaterialUpdate":false,"showSkybox":false,"showFlares":false,"showImageEffects":false,"showParticleSystems":true},"in2DMode":false,"pivot":{"x":-124.47218322753906,"y":223.5220947265625,"z":142.65872192382813},"rotation":{"x":-0.24489961564540864,"y":-0.6676433086395264,"z":0.24850918352603913,"w":-0.6576624512672424},"size":541.7877807617188,"orthographic":false}