{"cameraMode":{"drawMode":0,"name":"Shaded","section":"Shading Mode"},"sceneLighting":false,"audioPlay":false,"sceneViewState":{"showFog":false,"showMaterialUpdate":false,"showSkybox":false,"showFlares":false,"showImageEffects":false,"showParticleSystems":true},"in2DMode":false,"pivot":{"x":9.712318420410157,"y":12.896787643432618,"z":94.30931091308594},"rotation":{"x":-0.21224641799926759,"y":-0.015554191544651986,"z":0.0033069460187107326,"w":-0.9770868420600891},"size":727.62646484375,"orthographic":false}